<?xml version="1.0" encoding="UTF-8"?>
<beans xmlns="http://www.springframework.org/schema/beans"
	xmlns:xsi="http://www.w3.org/2001/XMLSchema-instance" xmlns:camel="http://camel.apache.org/schema/spring"
	xmlns:osgi="http://www.springframework.org/schema/osgi" xmlns:cxf="http://camel.apache.org/schema/cxf"
	xsi:schemaLocation="http://www.springframework.org/schema/beans 
	http://www.springframework.org/schema/beans/spring-beans.xsd 
	http://www.springframework.org/schema/osgi 
	http://www.springframework.org/schema/osgi/spring-osgi.xsd 
	http://camel.apache.org/schema/spring 
	http://camel.apache.org/schema/spring/camel-spring.xsd 
	http://camel.apache.org/schema/cxf 
	http://camel.apache.org/schema/cxf/camel-cxf-2.8.3.xsd">


	<bean id="myEmailConsumer" class="com.dc.EmailConsumer"/>
	<bean id="myAnalyticsConsumer" class="com.dc.AnalyticsConsumer"/>
 	
 	<camelContext xmlns="http://camel.apache.org/schema/spring">
       <route id="emailQueue">
			<from uri="qmanager:queue:emailQ"/>
			<log message="Routing message from photos to outbox"/>
			<bean ref="myEmailConsumer" method="process"/>
	   </route>
	   <route id="analQueue">
			<from uri="qmanager:queue:analQ"/>
			<bean ref="myAnalyticsConsumer" method="process"/>
	   </route>
    </camelContext>
    
    <camel:camelContext id="camel-client">
        <camel:template id="camelTemplate" />
    </camel:camelContext>

    <bean id="qmanager" class="org.apache.activemq.camel.component.ActiveMQComponent">
        <property name="brokerURL" value="tcp://localhost:61616" />
    </bean>   
    
</beans>